name,affinity
antivir379,-5.8
antivir1063,-5.7
antivir1007,-6.3
antivir1207,-6.8
antivir20,-7.4
antivir3903,-6.0
antivir763,-5.7
antivir1681,-6.5
antivir935,-5.6
antivir2897,-6.0
antivir2893,-6.8
antivir1056,-6.9
antivir1587,-5.9
antivir2964,-6.4
antivir615,-5.6
antivir834,-6.6
antivir544,-6.0
antivir852,-6.3
antivir2757,-5.5
antivir588,-5.6
antivir3625,-5.8
antivir535,-6.4
antivir3122,-5.4
antivir3267,-6.6
antivir737,-6.8
antivir387,-6.1
antivir3683,-6.6
antivir1143,-6.0
antivir324,-5.0
antivir2977,-6.5
antivir2424,-6.2
antivir866,-5.2
antivir1025,-6.4
antivir3719,-6.4
antivir296,-6.3
antivir2167,-6.8
antivir1514,-6.3
antivir2714,-5.8
antivir2365,-5.8
antivir1248,-5.4
antivir1699,-5.9
antivir1042,-6.2
antivir901,-6.3
antivir1334,-6.2
antivir95,-7.2
antivir2217,-7.2
antivir3253,-5.7
antivir1734,-6.9
antivir2766,-5.4
antivir2144,-6.7
antivir1547,-5.8
antivir2909,-6.4
antivir2947,-5.7
antivir115,-6.7
antivir3544,-6.0
antivir3580,-5.9
antivir538,-5.4
antivir1875,-7.2
antivir986,-5.7
antivir258,-6.7
antivir3876,-6.5
antivir3854,-6.4
antivir2371,-6.5
antivir1762,-6.0
antivir3705,-6.4
antivir3248,-5.6
antivir1923,-6.8
antivir1592,-5.6
antivir2786,-4.8
antivir1,-8.1
antivir934,-5.6
antivir3600,-5.9
antivir84,-6.8
antivir2644,-7.3
antivir2207,-4.5
antivir2704,-6.7
antivir3115,-5.2
antivir589,-5.8
antivir3476,-6.4
antivir1660,-6.2
antivir1764,-5.6
antivir2113,-6.0
antivir1525,-6.5
antivir2702,-6.0
antivir2889,-5.1
antivir1521,-6.8
antivir1041,-6.1
antivir3700,-6.2
antivir1497,-5.8
antivir181,-6.9
antivir3557,-6.2
antivir3723,-6.4
antivir3289,-5.7
antivir1262,-5.9
antivir2119,-6.4
antivir2453,-6.2
antivir3798,-6.7
antivir3458,-5.1
antivir2899,-5.7
antivir2405,-6.0
antivir3316,-5.8
antivir3654,-6.2
antivir1561,-5.4
antivir2271,-6.4
antivir3577,-6.1
antivir1546,-5.2
antivir2852,-5.4
antivir3479,-5.8
antivir1496,-6.1
antivir2724,-5.0
antivir314,-7.0
antivir1578,-6.7
antivir2590,-6.0
antivir1746,-6.0
antivir2971,-5.7
antivir316,-6.4
antivir1379,-5.2
antivir3474,-5.3
antivir2391,-6.9
antivir2108,-5.2
antivir794,-6.3
antivir2701,-5.5
antivir3808,-6.2
antivir3255,-5.6
antivir1873,-6.6
antivir2834,-6.1
antivir694,-6.0
antivir1274,-5.8
antivir68,-5.2
antivir1116,-6.6
antivir339,-5.9
antivir1314,-5.1
antivir2383,-6.1
antivir2520,-7.4
antivir1401,-6.7
antivir455,-5.8
antivir2394,-6.1
antivir3227,-5.4
antivir1091,-6.1
antivir2000,-5.8
antivir222,-6.7
antivir984,-5.7
antivir1245,-6.5
antivir1128,-7.4
antivir1957,-6.5
antivir3657,-5.7
antivir309,-6.8
antivir2352,-6.9
antivir993,-5.7
antivir988,-4.8
antivir975,-6.4
antivir1407,-6.1
antivir1040,-7.1
antivir3512,-5.8
antivir31,-7.6
antivir1661,-6.1
antivir3273,-5.6
antivir291,-6.0
antivir3090,-4.3
antivir1567,-6.9
antivir3734,-6.1
antivir2402,-6.8
antivir2700,-4.9
antivir1186,-6.7
antivir2321,-6.8
antivir3223,-5.9
antivir1127,-6.4
antivir2173,-6.0
antivir1251,-6.3
antivir2504,-6.3
antivir1175,-6.7
antivir182,-6.6
antivir2320,-6.3
antivir3218,-5.7
antivir1432,-7.1
antivir2661,-6.5
antivir1593,-6.5
antivir2406,-5.8
antivir3606,-6.4
antivir1677,-5.3
antivir2793,-5.8
antivir1856,-6.3
antivir1753,-6.5
antivir1054,-6.1
antivir2403,-6.9
antivir914,-5.3
antivir2578,-6.6
antivir3241,-5.8
antivir3395,-6.1
antivir1795,-6.4
antivir957,-4.9
antivir2860,-6.3
antivir67,-6.6
antivir1812,-6.5
antivir3443,-5.9
antivir1605,-6.2
antivir287,-7.5
antivir3337,-6.6
antivir428,-5.5
antivir2097,-6.3
antivir1823,-6.8
antivir2048,-5.7
antivir3173,-5.5
antivir2970,-6.0
antivir1517,-6.6
antivir2085,-5.1
antivir2954,-7.0
antivir1471,-5.8
antivir3806,-6.7
antivir1030,-5.0
antivir3294,-6.4
antivir45,-7.2
antivir406,-5.7
antivir2847,-6.3
antivir3149,-5.4
antivir634,-6.7
antivir1694,-6.0
antivir3007,-6.1
antivir109,-7.4
antivir391,-5.9
antivir1357,-6.2
antivir815,-5.7
antivir440,-5.9
antivir1777,-6.8
antivir1601,-5.6
antivir3150,-5.6
antivir1664,-6.3
antivir1239,-6.2
antivir368,-6.1
antivir822,-5.5
antivir2785,-6.0
antivir425,-6.1
antivir3899,-6.5
antivir2359,-6.3
antivir876,-6.1
antivir997,-6.0
antivir2814,-6.5
antivir2614,-4.7
antivir380,-6.1
antivir2778,-6.1
antivir690,-5.8
antivir191,-6.3
antivir3258,-6.2
antivir2619,-5.1
antivir3051,-5.3
antivir1807,-6.9
antivir3341,-6.5
antivir3322,-5.6
antivir592,-5.4
antivir3744,-5.9
antivir1406,-6.0
antivir1714,-6.4
antivir1022,-5.6
antivir1836,-6.4
antivir3359,-6.0
antivir2154,-5.7
antivir2477,-6.8
antivir3518,-5.7
antivir3766,-6.6
antivir917,-5.2
antivir3912,-6.5
antivir3321,-5.8
antivir769,-6.6
antivir3367,-5.9
antivir2176,-5.3
antivir2354,-6.2
antivir2324,-6.4
antivir546,-6.6
antivir1894,-5.1
antivir2218,-5.1
antivir1575,-6.2
antivir2052,-5.7
antivir1630,-6.1
antivir3502,-5.6
antivir679,-6.1
antivir903,-6.1
antivir640,-5.3
antivir584,-6.7
antivir1008,-5.0
antivir1680,-6.6
antivir1695,-6.7
antivir351,-6.5
antivir1182,-6.5
antivir1818,-5.8
antivir630,-6.3
antivir2875,-5.6
antivir3195,-5.8
antivir2296,-4.4
antivir3821,-7.4
antivir900,-5.8
antivir3804,-5.6
antivir3529,-5.7
antivir1918,-6.9
antivir2377,-4.8
antivir3465,-5.8
antivir2408,-6.8
antivir365,-6.7
antivir1285,-6.1
antivir2979,-4.8
antivir1309,-6.3
antivir1774,-7.0
antivir847,-6.1
antivir261,-6.9
antivir2857,-6.6
antivir1841,-5.3
antivir2382,-5.5
antivir3338,-6.0
antivir2466,-6.0
antivir1494,-5.7
antivir2489,-5.7
antivir2914,-5.7
antivir2116,-5.8
antivir665,-6.2
antivir2866,-7.7
antivir3015,-4.4
antivir2002,-5.8
antivir3099,-5.3
antivir3095,-4.5
antivir611,-6.1
antivir731,-6.5
antivir3524,-6.3
antivir458,-6.7
antivir3802,-6.1
antivir2697,-5.3
antivir3194,-5.4
antivir246,-6.8
antivir885,-6.3
antivir120,-7.7
antivir3893,-7.1
antivir2987,-4.9
antivir1287,-6.6
antivir2948,-4.9
antivir2519,-7.2
antivir3416,-6.1
antivir1720,-6.1
antivir402,-5.9
antivir1931,-5.7
antivir1195,-6.3
antivir1855,-6.7
antivir276,-6.9
antivir3084,-5.0
antivir3605,-5.9
antivir713,-6.0
antivir3923,-6.9
antivir1902,-5.9
antivir3520,-7.0
antivir1362,-5.6
antivir3777,-5.5
antivir2003,-6.3
antivir3354,-6.0
antivir954,-4.9
antivir1916,-6.7
antivir1121,-6.4
antivir756,-6.1
antivir2384,-6.8
antivir1810,-6.9
antivir992,-5.7
antivir3545,-6.6
antivir2380,-6.1
antivir1704,-6.4
antivir3884,-6.8
antivir1383,-5.7
antivir933,-6.2
antivir88,-7.3
antivir114,-6.3
antivir473,-6.7
antivir3779,-6.2
antivir480,-6.1
antivir3426,-5.4
antivir3897,-6.9
antivir537,-5.3
antivir2281,-7.1
antivir471,-4.9
antivir1409,-6.2
antivir3089,-4.5
antivir575,-6.3
antivir2922,-5.5
antivir3478,-6.7
antivir3634,-5.5
antivir1198,-5.9
antivir2198,-6.3
antivir940,-5.4
antivir1220,-5.8
antivir1490,-6.0
antivir2607,-5.3
antivir1657,-6.5
antivir781,-7.2
antivir1294,-5.1
antivir112,-7.6
antivir3356,-5.7
antivir2966,-6.0
antivir1650,-6.0
antivir2434,-6.2
antivir2098,-5.6
antivir3372,-6.0
antivir1921,-5.5
antivir3401,-5.8
antivir234,-6.5
antivir2073,-5.7
antivir2698,-5.6
antivir2157,-6.0
antivir2418,-6.4
antivir674,-6.2
antivir2646,-6.2
antivir2622,-5.0
antivir160,-6.1
antivir1145,-6.5
antivir3498,-6.3
antivir2915,-5.7
antivir1732,-6.5
antivir3563,-5.9
antivir2433,-6.8
antivir3249,-5.9
antivir700,-6.1
antivir3028,-6.5
antivir1862,-6.7
antivir3718,-6.3
antivir3556,-5.8
antivir2100,-6.2
antivir138,-6.9
antivir3754,-6.8
antivir654,-7.1
antivir2635,-5.9
antivir153,-6.7
antivir3127,-5.0
antivir140,-7.0
antivir3283,-5.8
antivir3736,-6.4
antivir707,-5.9
antivir2420,-5.8
antivir716,-6.4
antivir3335,-5.3
antivir2997,-6.5
antivir2235,-5.8
antivir721,-5.1
antivir1814,-5.8
antivir340,-5.7
antivir2040,-6.4
antivir761,-5.7
antivir2,-7.1
antivir1072,-6.2
antivir3887,-6.4
antivir2302,-6.8
antivir2995,-6.1
antivir1600,-6.1
antivir3352,-5.9
antivir1876,-6.5
antivir579,-5.2
antivir3207,-5.1
antivir2981,-6.4
antivir2740,-5.7
antivir944,-5.3
antivir2518,-6.7
antivir744,-6.3
antivir3686,-6.0
antivir1194,-6.3
antivir582,-5.6
antivir3651,-6.1
antivir851,-6.5
antivir1225,-6.8
antivir3755,-5.4
antivir1228,-6.0
antivir3169,-5.4
antivir329,-4.6
antivir2471,-6.6
antivir3376,-5.7
antivir1467,-6.6
antivir839,-6.9
antivir2304,-5.7
antivir382,-5.5
antivir795,-7.2
antivir2435,-6.4
antivir2680,-6.0
antivir146,-6.8
antivir2768,-6.3
antivir1413,-6.7
antivir2625,-5.1
antivir352,-6.3
antivir2908,-7.1
antivir596,-6.6
antivir254,-7.4
antivir2110,-5.6
antivir3819,-6.1
antivir2162,-6.0
antivir2139,-5.5
antivir2353,-6.9
antivir332,-6.5
antivir1256,-6.4
antivir3132,-5.0
antivir3650,-6.2
antivir34,-8.1
antivir2287,-5.4
antivir1574,-5.8
antivir1412,-6.0
antivir2436,-5.9
antivir1301,-5.9
antivir1548,-6.5
antivir738,-6.1
antivir2524,-5.2
antivir3730,-6.8
antivir2057,-6.7
antivir2624,-6.6
antivir2752,-5.9
antivir3264,-5.3
antivir3843,-6.0
antivir1809,-6.8
antivir3594,-6.5
antivir3823,-6.3
antivir3117,-5.4
antivir2851,-5.8
antivir2967,-6.0
antivir3031,-6.0
antivir1888,-6.3
antivir372,-5.3
antivir3538,-6.0
antivir2273,-6.0
antivir2059,-6.4
antivir2495,-6.2
antivir3077,-4.8
antivir1556,-6.3
antivir928,-6.1
antivir619,-5.9
antivir1656,-7.4
antivir1215,-6.2
antivir3325,-6.1
antivir2212,-5.2
antivir2061,-6.8
antivir1433,-5.9
antivir2047,-6.8
antivir497,-6.2
antivir3198,-5.4
antivir1329,-5.5
antivir2308,-6.0
antivir156,-6.1
antivir1324,-6.5
antivir2318,-5.9
antivir681,-6.1
antivir1886,-6.3
antivir1075,-6.2
antivir818,-6.4
antivir3791,-5.6
antivir1552,-6.7
antivir2075,-6.2
antivir875,-6.1
antivir3842,-5.9
antivir2442,-6.0
antivir2623,-6.5
antivir2314,-6.0
antivir3447,-5.1
antivir2913,-6.3
antivir1950,-6.3
antivir2407,-6.6
antivir1643,-7.1
antivir1002,-6.1
antivir3639,-6.4
antivir3644,-5.9
antivir224,-6.6
antivir1110,-5.9
antivir3413,-6.1
antivir1342,-6.0
antivir2131,-5.7
antivir2530,-7.0
antivir3770,-5.9
antivir2959,-6.4
antivir2249,-6.2
antivir3285,-5.6
antivir3547,-6.2
antivir641,-6.2
antivir2843,-5.0
antivir759,-5.2
antivir1229,-7.0
antivir2379,-6.4
antivir6,-6.9
antivir2703,-7.1
antivir849,-6.8
antivir3722,-5.8
antivir3536,-5.4
antivir396,-5.8
antivir987,-6.9
antivir657,-5.6
antivir3123,-5.4
antivir3034,-5.7
antivir2148,-5.9
antivir3630,-6.2
antivir3618,-6.7
antivir1246,-6.1
antivir1208,-6.0
antivir870,-6.4
antivir3330,-5.5
antivir2153,-5.9
antivir3671,-5.7
antivir1313,-5.6
antivir2720,-5.0
antivir698,-5.8
antivir318,-6.2
antivir3911,-6.8
antivir2917,-6.1
antivir3635,-6.4
antivir1847,-5.2
antivir3228,-6.0
antivir328,-5.2
antivir2327,-6.0
antivir600,-6.0
antivir1254,-6.7
antivir3562,-6.2
antivir1937,-6.6
antivir3515,-6.2
antivir1160,-6.3
antivir1933,-6.1
antivir2905,-5.9
antivir1887,-6.2
antivir1172,-6.2
antivir2500,-6.6
antivir3782,-6.4
antivir3885,-7.0
antivir2858,-6.1
antivir3699,-6.2
antivir2813,-5.9
antivir2531,-6.1
antivir2575,-5.6
antivir1135,-6.5
antivir3346,-5.6
antivir3374,-6.1
antivir427,-6.4
antivir2009,-5.4
antivir2584,-5.7
antivir949,-5.6
antivir3355,-6.5
antivir434,-6.2
antivir1992,-6.3
antivir1771,-6.3
antivir800,-6.3
antivir2627,-6.4
antivir3591,-6.4
antivir242,-6.8
antivir1815,-6.0
antivir1672,-6.3
antivir2950,-4.7
antivir1150,-6.1
antivir2563,-5.6
antivir807,-6.4
antivir2906,-6.4
antivir1156,-5.2
antivir1216,-5.7
antivir1320,-6.2
antivir2220,-5.9
antivir1341,-6.1
antivir373,-5.7
antivir257,-6.9
antivir3604,-6.3
antivir907,-6.2
antivir1037,-5.8
antivir1659,-7.3
antivir3442,-6.2
antivir2941,-6.5
antivir2034,-6.7
antivir3261,-6.5
antivir504,-6.6
antivir518,-5.8
antivir1385,-6.5
antivir623,-6.8
antivir3685,-6.0
antivir2643,-6.1
antivir1423,-6.0
antivir3026,-5.3
antivir2523,-6.9
antivir3189,-5.8
antivir2046,-6.0
antivir3072,-4.6
antivir1782,-6.1
antivir1708,-6.5
antivir1284,-6.9
antivir1069,-6.2
antivir3774,-6.1
antivir796,-6.2
antivir3597,-5.7
antivir2699,-6.0
antivir1724,-7.2
antivir3129,-5.1
antivir581,-5.8
antivir3612,-6.2
antivir3425,-6.5
antivir1540,-6.0
antivir1399,-6.1
antivir27,-7.4
antivir2348,-5.8
antivir2089,-5.5
antivir651,-6.2
antivir2172,-6.6
antivir3275,-5.0
antivir1727,-6.7
antivir201,-6.9
antivir1028,-6.2
antivir2532,-5.8
antivir684,-6.0
antivir3003,-5.6
antivir1983,-6.8
antivir624,-5.4
antivir2411,-6.4
antivir127,-5.5
antivir1528,-5.6
antivir3620,-5.9
antivir1070,-6.3
antivir3062,-5.4
antivir1585,-6.7
antivir3691,-5.6
antivir1192,-5.3
antivir2067,-6.2
antivir394,-5.4
antivir1058,-6.4
antivir748,-6.5
antivir456,-6.5
antivir3073,-4.6
antivir3247,-5.3
antivir3789,-5.9
antivir1813,-5.5
antivir3841,-7.0
antivir801,-6.0
antivir330,-4.9
antivir813,-6.5
antivir1243,-6.1
antivir3888,-7.1
antivir1331,-5.5
antivir3212,-5.5
antivir915,-5.8
antivir3868,-6.6
antivir3803,-6.2
antivir3365,-5.8
antivir2772,-5.9
antivir2120,-6.3
antivir3795,-6.8
antivir252,-7.2
antivir2043,-6.1
antivir103,-6.2
antivir500,-5.8
antivir670,-6.6
antivir3350,-6.2
antivir1253,-5.4
antivir3238,-6.4
antivir1541,-6.1
antivir2049,-6.5
antivir2663,-6.2
antivir1005,-6.7
antivir3534,-5.7
antivir1297,-4.8
antivir3522,-5.9
antivir334,-6.7
antivir3445,-5.6
antivir450,-5.7
antivir2870,-5.8
antivir1518,-6.5
antivir1459,-6.1
antivir2642,-5.9
antivir1737,-6.3
antivir2806,-5.8
antivir2759,-6.3
antivir272,-6.6
antivir2234,-5.3
antivir3466,-5.9
antivir3234,-5.8
antivir475,-6.1
antivir696,-6.6
antivir3874,-7.3
antivir3197,-5.2
antivir1057,-6.9
antivir3042,-4.5
antivir1001,-7.0
antivir691,-5.7
antivir1101,-5.9
antivir3190,-5.6
antivir2958,-6.7
antivir1927,-5.9
antivir558,-5.3
antivir3598,-6.5
antivir2445,-6.3
antivir3192,-4.8
antivir3226,-5.7
antivir2764,-6.6
antivir419,-6.0
antivir787,-6.7
antivir2818,-5.4
antivir342,-6.1
antivir3469,-5.7
antivir3794,-5.8
antivir2929,-5.9
antivir267,-6.3
antivir3056,-6.5
antivir3048,-5.6
antivir1839,-6.7
antivir319,-5.4
antivir322,-5.8
antivir1945,-6.5
antivir371,-6.7
antivir539,-5.8
antivir435,-6.6
antivir2129,-5.3
antivir66,-6.3
antivir445,-7.0
antivir3162,-5.9
antivir515,-6.2
antivir3623,-5.8
antivir3232,-5.7
antivir650,-6.1
antivir2955,-6.5
antivir3087,-4.9
antivir2459,-5.8
antivir3670,-5.8
antivir465,-6.0
antivir3032,-6.3
antivir1943,-6.7
antivir169,-6.5
antivir1470,-5.8
antivir2448,-5.9
antivir2632,-5.8
antivir1622,-5.9
antivir3183,-5.1
antivir3328,-5.5
antivir1854,-6.2
antivir3930,-6.7
antivir735,-5.4
antivir2205,-5.4
antivir82,-6.1
antivir2206,-6.4
antivir836,-6.5
antivir3633,-6.4
antivir3027,-5.4
antivir14,-6.6
antivir1065,-5.7
antivir2984,-6.8
antivir1662,-6.5
antivir2343,-6.4
antivir3933,-6.7
antivir2087,-6.2
antivir320,-6.4
antivir2816,-6.7
antivir2109,-6.5
antivir3901,-7.2
antivir1047,-6.5
antivir80,-6.7
antivir3660,-5.8
antivir336,-5.7
antivir1460,-5.9
antivir2746,-6.0
antivir3576,-5.9
antivir2219,-6.8
antivir1096,-7.0
antivir65,-5.2
antivir3221,-5.8
antivir526,-5.7
antivir1445,-6.3
antivir3503,-5.8
antivir1853,-6.1
antivir3662,-6.1
antivir1947,-6.3
antivir3493,-5.8
antivir1562,-6.7
antivir2789,-5.9
antivir417,-5.7
antivir3277,-5.8
antivir3279,-6.0
antivir99,-7.1
antivir1019,-5.6
antivir1176,-5.9
antivir2130,-5.2
antivir3323,-6.2
antivir398,-5.8
antivir3587,-6.8
antivir2357,-6.0
antivir2457,-6.0
antivir141,-7.4
antivir2538,-6.6
antivir255,-6.3
antivir1949,-6.0
antivir166,-7.2
antivir3690,-6.3
antivir2735,-5.8
antivir2921,-6.4
antivir948,-4.0
antivir1064,-5.7
antivir1189,-6.3
antivir216,-7.8
antivir706,-5.0
antivir2081,-6.4
antivir1286,-5.5
antivir2239,-5.7
antivir2616,-5.3
antivir483,-6.9
antivir2326,-6.0
antivir677,-5.8
antivir207,-6.3
antivir3665,-5.2
antivir2127,-6.4
antivir593,-6.4
antivir1806,-5.5
antivir172,-6.6
antivir2791,-5.8
antivir2896,-6.0
antivir2062,-6.5
antivir2150,-6.3
antivir3229,-5.3
antivir1506,-5.7
antivir1029,-7.0
antivir1227,-6.6
antivir443,-6.8
antivir3801,-6.0
antivir1788,-6.8
antivir1035,-6.0
antivir1744,-5.7
antivir982,-5.0
antivir2788,-5.9
antivir2751,-5.9
antivir1510,-6.1
antivir3809,-6.1
antivir1824,-6.6
antivir1389,-6.5
antivir2777,-5.9
antivir2980,-5.1
antivir1817,-6.1
antivir1641,-6.9
antivir3245,-5.5
antivir2322,-6.3
antivir2101,-6.8
antivir1426,-6.8
antivir3052,-6.4
antivir2091,-6.1
antivir2395,-5.6
antivir313,-6.6
antivir1340,-6.9
antivir3240,-5.9
antivir956,-6.1
antivir299,-5.8
antivir3174,-5.9
antivir2223,-6.9
antivir1380,-5.6
antivir687,-6.2
antivir496,-6.0
antivir2560,-5.4
antivir804,-6.5
antivir1438,-6.2
antivir3790,-7.1
antivir661,-5.4
antivir3517,-5.8
antivir180,-7.9
antivir3019,-5.6
antivir1880,-6.2
antivir2853,-5.8
antivir2670,-6.2
antivir198,-6.5
antivir155,-6.5
antivir3287,-5.9
antivir2311,-6.5
antivir888,-6.5
antivir3846,-6.2
antivir2780,-5.9
antivir3431,-6.0
antivir2398,-6.0
antivir824,-6.3
antivir2695,-6.0
antivir2707,-7.5
antivir3831,-6.3
antivir2589,-6.1
antivir1889,-6.2
antivir2736,-6.8
antivir3217,-5.9
antivir726,-5.1
antivir784,-5.5
antivir2290,-5.6
antivir3918,-6.4
antivir3813,-5.8
antivir1479,-5.9
antivir2758,-5.1
antivir3698,-6.2
antivir3676,-6.6
antivir3105,-5.0
antivir2247,-5.6
antivir2192,-6.6
antivir1534,-6.1
antivir53,-5.8
antivir51,-5.7
antivir3408,-6.2
antivir3263,-6.2
antivir1729,-6.2
antivir2823,-6.8
antivir2811,-6.6
antivir2360,-6.5
antivir3492,-5.5
antivir586,-5.2
antivir2317,-6.3
antivir210,-6.7
antivir3653,-6.1
antivir1026,-5.9
antivir3674,-5.9
antivir343,-5.3
antivir2213,-5.5
antivir1095,-5.8
antivir2032,-6.3
antivir3107,-5.5
antivir1488,-6.9
antivir3501,-6.2
antivir2689,-5.6
antivir3765,-5.9
antivir547,-6.2
antivir61,-5.7
antivir2911,-6.2
antivir1104,-6.3
antivir2885,-6.1
antivir3141,-5.8
antivir1778,-5.8
antivir1538,-5.7
antivir363,-6.3
antivir2636,-6.3
antivir1577,-5.7
antivir204,-7.3
antivir1804,-6.0
antivir3184,-5.2
antivir2604,-4.7
antivir1706,-5.3
antivir3743,-6.5
antivir9,-7.1
antivir2903,-6.3
antivir1728,-6.5
antivir610,-5.6
antivir1800,-5.3
antivir3905,-6.9
antivir2546,-4.2
antivir1603,-6.4
antivir1268,-6.2
antivir3704,-6.0
antivir3045,-5.8
antivir2136,-5.8
antivir638,-7.0
antivir2715,-5.9
antivir2686,-6.3
antivir376,-5.8
antivir1568,-6.1
antivir1055,-5.6
antivir1701,-6.9
antivir2939,-6.0
antivir2550,-5.0
antivir1295,-6.1
antivir188,-7.0
antivir466,-6.3
antivir1335,-6.5
antivir846,-6.4
antivir3839,-6.0
antivir2895,-6.1
antivir2138,-5.9
antivir1210,-6.6
antivir2378,-6.5
antivir648,-5.9
antivir1038,-6.9
antivir2240,-5.7
antivir467,-6.3
antivir1717,-6.1
antivir151,-6.7
antivir2537,-5.1
antivir2387,-7.3
antivir1705,-5.8
antivir1161,-6.6
antivir2230,-5.7
antivir2800,-6.4
antivir682,-6.2
antivir618,-6.3
antivir548,-5.1
antivir2694,-6.5
antivir2654,-5.6
antivir3427,-6.5
antivir3301,-5.4
antivir1365,-6.1
antivir2536,-5.7
antivir3626,-6.5
antivir2601,-6.5
antivir2630,-5.5
antivir1522,-6.1
antivir293,-5.9
antivir2802,-6.3
antivir1452,-6.4
antivir3680,-5.6
antivir1583,-5.2
antivir337,-6.7
antivir628,-6.3
antivir2178,-5.7
antivir625,-7.1
antivir2754,-5.6
antivir598,-6.3
antivir3805,-6.3
antivir2277,-6.6
antivir2923,-6.5
antivir2333,-6.0
antivir1384,-6.3
antivir2728,-6.5
antivir2208,-5.5
antivir1682,-6.5
antivir3125,-4.3
antivir760,-5.6
antivir1255,-6.3
antivir886,-6.2
antivir1468,-6.0
antivir1308,-5.7
antivir245,-6.7
antivir1966,-6.5
antivir3040,-5.9
antivir3724,-5.9
antivir2259,-6.7
antivir2599,-6.4
antivir2691,-7.0
antivir3168,-5.2
antivir2231,-6.9
antivir495,-6.2
antivir1747,-6.2
antivir1831,-6.7
antivir1787,-5.9
antivir1590,-6.4
antivir3570,-6.2
antivir603,-6.8
antivir3293,-5.7
antivir97,-7.2
antivir856,-6.3
antivir616,-6.2
antivir129,-7.7
antivir1595,-6.0
antivir1954,-6.4
antivir3172,-5.3
antivir145,-6.6
antivir1481,-6.7
antivir3170,-5.5
antivir119,-7.3
antivir947,-4.9
antivir3713,-6.4
antivir2976,-6.4
antivir1671,-5.8
antivir1359,-5.8
antivir1446,-6.5
antivir3302,-5.6
antivir159,-5.3
antivir587,-5.9
antivir3075,-4.6
antivir4,-5.8
antivir2390,-6.6
antivir2502,-6.5
antivir1431,-6.4
antivir3038,-5.6
antivir2991,-6.5
antivir1869,-5.4
antivir2193,-6.7
antivir2135,-6.5
antivir253,-6.5
antivir653,-6.1
antivir1668,-6.4
antivir826,-7.2
antivir595,-7.0
antivir841,-5.0
antivir459,-5.9
antivir1808,-5.4
antivir699,-6.1
antivir2743,-5.4
antivir510,-5.4
antivir416,-6.2
antivir2652,-5.8
antivir1713,-5.6
antivir2618,-6.4
antivir2458,-6.9
antivir2833,-5.3
antivir1332,-6.2
antivir1328,-5.6
antivir1105,-5.8
antivir2658,-7.4
antivir1310,-5.6
antivir2975,-6.5
antivir1263,-6.0
antivir1698,-6.5
antivir2427,-6.1
antivir2015,-6.0
antivir2024,-5.9
antivir2446,-6.8
antivir3827,-5.6
antivir1171,-5.8
antivir205,-5.9
antivir968,-4.9
antivir1247,-6.3
antivir3481,-6.0
antivir1988,-6.4
antivir838,-6.7
antivir3199,-5.7
antivir1973,-6.6
antivir929,-6.0
antivir1306,-5.8
antivir2595,-5.6
antivir1177,-5.6
antivir3456,-5.8
antivir2795,-5.2
antivir482,-5.3
antivir1501,-6.5
antivir1772,-6.0
antivir2228,-6.1
antivir2370,-5.8
antivir2930,-5.7
antivir2161,-5.6
antivir2245,-7.5
antivir98,-7.5
antivir3235,-5.7
antivir1621,-5.9
antivir1881,-6.3
antivir1709,-7.0
antivir2257,-6.2
antivir693,-6.6
antivir3684,-5.3
antivir491,-6.1
antivir241,-6.3
antivir3178,-5.6
antivir3303,-5.5
antivir2755,-5.2
antivir1015,-5.5
antivir2244,-7.1
antivir2351,-6.6
antivir3495,-6.6
antivir125,-7.7
antivir686,-5.7
antivir789,-6.0
antivir386,-5.3
antivir492,-5.5
antivir203,-7.6
antivir2182,-6.1
antivir433,-6.0
antivir2706,-7.3
antivir1369,-6.8
antivir113,-7.6
antivir1767,-6.5
antivir3558,-6.4
antivir923,-6.6
antivir37,-6.3
antivir431,-6.0
antivir2035,-6.3
antivir1180,-5.8
antivir2285,-5.9
antivir683,-6.6
antivir894,-5.7
antivir2388,-7.0
antivir3158,-5.4
antivir2410,-6.9
antivir3142,-4.9
antivir860,-6.6
antivir552,-6.0
antivir2195,-5.5
antivir3351,-5.0
antivir2124,-6.1
antivir3858,-6.5
antivir3701,-6.1
antivir1066,-5.7
antivir437,-7.3
antivir3882,-6.4
antivir753,-6.4
antivir2415,-5.9
antivir3210,-5.3
antivir3256,-5.7
antivir2849,-6.5
antivir3053,-6.5
antivir2926,-5.0
antivir1971,-6.1
antivir1270,-6.2
antivir3519,-6.3
antivir2253,-6.4
antivir1655,-6.2
antivir502,-6.5
antivir2900,-6.8
antivir3742,-6.5
antivir46,-5.4
antivir346,-5.6
antivir1159,-6.6
antivir3820,-6.1
antivir2516,-6.2
antivir335,-5.8
antivir3925,-5.9
antivir3353,-6.2
antivir3299,-5.7
antivir2568,-5.4
antivir534,-5.4
antivir3561,-5.0
antivir3428,-5.9
antivir3035,-5.9
antivir1077,-5.9
antivir2586,-5.6
antivir432,-5.8
antivir999,-5.9
antivir3566,-5.9
antivir1089,-4.2
antivir2342,-6.1
antivir3176,-5.2
antivir384,-5.9
antivir1730,-6.3
antivir2070,-6.7
antivir1563,-6.0
antivir1913,-6.7
antivir2492,-6.2
antivir107,-5.8
antivir3799,-5.9
antivir1837,-7.0
antivir2946,-5.8
antivir3120,-5.1
antivir697,-7.2
antivir962,-6.1
antivir1201,-5.7
antivir2965,-6.6
antivir2229,-6.4
antivir2918,-6.5
antivir21,-6.2
antivir2968,-5.9
antivir1053,-6.6
antivir2461,-6.3
antivir414,-6.1
antivir43,-5.1
antivir2077,-6.8
antivir1344,-6.0
antivir799,-6.5
antivir86,-6.7
antivir1867,-7.3
antivir3757,-6.2
antivir3371,-5.9
antivir1250,-6.5
antivir3871,-6.2
antivir953,-4.3
antivir3000,-6.1
antivir493,-6.7
antivir19,-7.6
antivir751,-7.1
antivir2149,-6.6
antivir2186,-6.0
antivir571,-5.8
antivir3540,-6.3
antivir2827,-7.4
antivir3140,-5.2
antivir791,-5.6
antivir867,-6.4
antivir3875,-5.9
antivir974,-5.5
antivir2497,-6.4
antivir3822,-7.2
antivir3649,-6.3
antivir1893,-6.1
antivir2297,-6.6
antivir762,-5.6
antivir2426,-6.0
antivir1296,-5.6
antivir3615,-6.1
antivir2655,-6.7
antivir393,-6.1
antivir1960,-5.9
antivir2126,-6.5
antivir3848,-6.6
antivir1193,-6.3
antivir29,-8.3
antivir2675,-6.2
antivir2093,-5.4
antivir2961,-6.4
antivir3913,-6.5
antivir3679,-6.5
antivir2587,-5.5
antivir1877,-6.7
antivir1244,-6.9
antivir128,-7.4
antivir967,-6.2
antivir543,-6.7
antivir3397,-5.8
antivir3592,-6.0
antivir3773,-6.7
antivir25,-6.9
antivir1444,-6.2
antivir1051,-5.9
antivir3627,-6.2
antivir2738,-5.2
antivir1103,-6.3
antivir1948,-5.8
antivir2615,-6.1
antivir1829,-6.6
antivir1317,-5.1
antivir639,-5.9
antivir632,-6.6
antivir1683,-6.4
antivir3113,-5.5
antivir1502,-6.2
antivir725,-6.0
antivir2775,-6.6
antivir1754,-6.1
antivir2668,-6.1
antivir32,-6.9
antivir1437,-5.8
antivir536,-6.2
antivir2872,-6.1
antivir3417,-5.8
antivir3187,-5.4
antivir2525,-5.4
antivir3329,-6.5
antivir3462,-5.5
antivir173,-7.1
antivir2608,-5.5
antivir590,-5.8
antivir289,-8.0
antivir279,-6.7
antivir1979,-5.1
antivir3727,-5.5
antivir2672,-5.9
antivir3001,-7.0
antivir1231,-6.5
antivir1197,-5.7
antivir3571,-6.4
antivir1835,-5.8
antivir1364,-6.0
antivir2817,-6.4
antivir1265,-6.3
antivir1430,-6.3
antivir1610,-6.3
antivir3103,-4.7
antivir3864,-5.3
antivir1084,-6.6
antivir2982,-5.4
antivir1542,-6.5
antivir1478,-6.7
antivir1905,-6.0
antivir168,-7.3
antivir1388,-6.6
antivir2999,-5.8
antivir2848,-5.1
antivir554,-5.2
antivir2491,-5.7
antivir2225,-5.9
antivir899,-6.2
antivir3762,-5.8
antivir2732,-5.4
antivir1289,-6.6
antivir3709,-6.6
antivir3873,-6.7
antivir1318,-5.1
antivir1443,-5.7
antivir1721,-6.9
antivir3624,-6.5
antivir2465,-6.4
antivir3860,-5.7
antivir780,-5.3
antivir2152,-6.1
antivir3246,-5.6
antivir1140,-6.5
antivir1523,-6.1
antivir233,-6.7
antivir1271,-5.4
antivir3764,-6.0
antivir1118,-5.2
antivir2551,-5.8
antivir2416,-6.2
antivir2279,-6.3
antivir397,-5.9
antivir3448,-5.8
antivir3104,-5.1
antivir1417,-6.7
antivir390,-6.2
antivir2792,-6.7
antivir1631,-7.0
antivir560,-5.8
antivir1512,-6.0
antivir2181,-6.1
antivir1067,-6.4
antivir3282,-5.9
antivir511,-6.2
antivir268,-6.3
antivir2053,-6.0
antivir2325,-6.4
antivir69,-6.3
antivir2626,-5.4
antivir664,-6.2
antivir1940,-6.3
antivir410,-6.3
antivir1851,-6.2
antivir3845,-6.6
antivir3637,-6.0
antivir2810,-6.2
antivir2269,-6.4
antivir271,-6.1
antivir2602,-6.8
antivir3377,-5.8
antivir448,-5.7
antivir1049,-6.1
antivir2846,-6.6
antivir740,-6.5
antivir3847,-6.5
antivir2609,-5.0
antivir2937,-5.9
antivir1969,-6.4
antivir1109,-6.1
antivir2268,-6.5
antivir183,-6.7
antivir1984,-6.0
antivir2598,-5.1
antivir243,-6.3
antivir1891,-6.9
antivir199,-6.8
antivir1312,-5.6
antivir1491,-5.6
antivir2031,-7.1
antivir620,-5.5
antivir2730,-6.5
antivir3793,-6.1
antivir3050,-6.0
antivir2401,-6.1
antivir1994,-7.0
antivir3692,-6.3
antivir2878,-6.5
antivir1850,-5.8
antivir2705,-5.8
antivir220,-7.1
antivir1555,-5.2
antivir1355,-5.0
antivir2428,-5.9
antivir1685,-6.6
antivir3645,-6.0
antivir1928,-5.4
antivir2155,-6.0
antivir2252,-5.9
antivir1447,-6.5
antivir937,-7.4
antivir2450,-6.0
antivir711,-6.4
antivir1991,-6.5
antivir3393,-5.6
antivir3881,-6.7
antivir1570,-6.2
antivir3154,-5.6
antivir1178,-5.8
antivir2467,-6.2
antivir1395,-6.3
antivir1776,-6.3
antivir750,-6.0
antivir1223,-6.1
antivir489,-6.9
antivir3497,-6.3
antivir407,-5.7
antivir908,-6.2
antivir2187,-6.0
antivir2014,-6.2
antivir41,-5.3
antivir3138,-5.5
antivir980,-6.5
antivir1533,-5.8
antivir2168,-6.0
antivir415,-6.3
antivir3636,-5.4
antivir2022,-6.7
antivir1509,-5.8
antivir3268,-5.7
antivir158,-6.3
antivir727,-6.4
antivir1164,-5.4
antivir274,-6.6
antivir474,-7.0
antivir2879,-6.6
antivir3552,-6.0
antivir110,-7.0
antivir3694,-5.9
antivir3752,-7.1
antivir360,-6.1
antivir2892,-6.1
antivir2019,-6.1
antivir1372,-6.4
antivir1422,-6.3
antivir3454,-5.4
antivir2295,-6.2
antivir3385,-5.9
antivir2030,-6.7
antivir3324,-5.4
antivir2527,-6.6
antivir1378,-6.0
antivir3013,-6.6
antivir1023,-5.9
antivir3363,-5.6
antivir452,-5.7
antivir3775,-6.6
antivir629,-5.8
antivir2440,-6.7
antivir1107,-6.0
antivir3390,-5.6
antivir2962,-5.4
antivir3596,-5.6
antivir2103,-5.8
antivir2051,-5.5
antivir896,-6.4
antivir2282,-5.7
antivir3542,-5.5
antivir2513,-6.1
antivir2397,-5.9
antivir2648,-5.9
antivir3769,-5.3
antivir262,-6.9
antivir142,-7.5
antivir3708,-6.0
antivir3108,-5.5
antivir577,-6.1
antivir418,-5.6
antivir3116,-5.6
antivir429,-5.7
antivir1666,-6.2
antivir304,-6.2
antivir746,-6.3
antivir3375,-5.6
antivir454,-5.8
antivir2978,-6.0
antivir3193,-5.3
antivir2924,-6.0
antivir124,-7.7
antivir3110,-5.4
antivir2209,-4.9
antivir3059,-6.3
antivir2389,-5.8
antivir1425,-6.6
antivir1723,-6.0
antivir457,-4.9
antivir692,-6.5
antivir2561,-5.3
antivir821,-6.7
antivir405,-6.0
antivir3318,-5.2
antivir1000,-5.9
antivir2400,-6.4
antivir378,-6.0
antivir195,-6.7
antivir3656,-6.4
antivir3548,-6.1
antivir498,-6.2
antivir777,-5.5
antivir540,-6.1
antivir3896,-7.1
antivir1046,-6.5
antivir2263,-5.8
antivir3380,-5.5
antivir921,-7.2
antivir3514,-6.1
antivir766,-6.9
antivir2719,-5.2
antivir2018,-6.6
antivir1914,-6.2
antivir2487,-5.3
antivir3131,-5.5
antivir490,-6.0
antivir2760,-6.3
antivir1376,-6.3
antivir149,-6.5
antivir531,-5.9
antivir2125,-5.0
antivir1482,-5.4
antivir2422,-6.6
antivir2588,-5.4
antivir1519,-6.3
antivir2829,-7.8
antivir1288,-6.5
antivir3485,-6.2
antivir1358,-5.7
antivir742,-4.8
antivir594,-6.5
antivir323,-6.0
antivir3729,-6.5
antivir85,-7.2
antivir2639,-6.4
antivir265,-7.3
antivir1267,-5.7
antivir1076,-6.1
antivir3012,-5.5
antivir1667,-6.7
antivir290,-6.5
antivir1654,-6.1
antivir1505,-6.7
antivir658,-5.1
antivir3043,-5.8
antivir3360,-6.0
antivir3929,-6.5
antivir3588,-6.7
antivir2681,-6.8
antivir24,-8.3
antivir2844,-6.7
antivir844,-6.7
antivir2594,-5.2
antivir3233,-5.7
antivir35,-5.7
antivir3010,-6.6
antivir3695,-6.4
antivir479,-7.2
antivir2478,-6.5
antivir1424,-7.1
antivir3856,-7.1
antivir3097,-5.4
antivir302,-5.7
antivir301,-5.3
antivir1834,-6.6
antivir2216,-6.3
antivir2045,-6.7
antivir74,-7.0
antivir3836,-5.7
antivir3560,-5.8
antivir3863,-5.3
antivir116,-6.4
antivir1958,-6.2
antivir2881,-6.4
antivir348,-6.4
antivir1801,-5.9
antivir636,-6.1
antivir1733,-6.9
antivir2233,-5.5
antivir1173,-6.2
antivir2204,-5.6
antivir2907,-5.7
antivir3139,-5.4
antivir2346,-6.8
antivir1322,-5.1
antivir2716,-4.9
antivir54,-7.1
antivir1234,-6.4
antivir857,-5.7
antivir3511,-5.6
antivir2877,-6.1
antivir38,-5.7
antivir2241,-6.9
antivir3825,-6.5
antivir879,-6.4
antivir3188,-5.5
antivir1352,-6.4
antivir2469,-5.1
antivir3758,-5.7
antivir2122,-4.9
antivir663,-5.9
antivir1718,-6.4
antivir1597,-6.1
antivir2665,-5.9
antivir1393,-6.9
antivir1299,-5.5
antivir2821,-5.6
antivir2438,-7.3
antivir3437,-5.3
antivir3711,-5.9
antivir1794,-6.9
antivir1083,-6.6
antivir1242,-7.0
antivir2133,-6.6
antivir1645,-7.6
antivir1965,-5.9
antivir485,-6.7
antivir87,-6.8
antivir3292,-5.5
antivir3621,-6.7
antivir776,-6.6
antivir1684,-6.5
antivir2734,-7.1
antivir226,-7.0
antivir2276,-6.6
antivir820,-5.2
antivir3271,-5.4
antivir136,-7.9
antivir2114,-6.0
antivir927,-4.3
antivir1351,-5.0
antivir2836,-5.9
antivir1004,-6.0
antivir3126,-5.9
antivir1134,-6.1
antivir889,-6.4
antivir3399,-6.0
antivir3932,-5.7
antivir3768,-6.2
antivir3796,-6.1
antivir1930,-6.5
antivir1935,-7.4
antivir449,-5.4
antivir1043,-6.7
antivir3496,-5.6
antivir2794,-6.2
antivir3242,-5.9
antivir259,-6.9
antivir3800,-6.6
antivir660,-5.3
antivir1647,-5.5
antivir3119,-5.0
antivir2299,-5.9
antivir2577,-5.3
antivir3096,-5.0
antivir2953,-6.9
antivir1739,-5.8
antivir235,-7.0
antivir2201,-6.1
antivir3404,-6.1
antivir3900,-5.9
antivir2329,-7.2
antivir3672,-7.0
antivir1155,-5.8
antivir2916,-5.7
antivir1020,-6.0
antivir1702,-6.5
antivir270,-6.6
antivir486,-5.7
antivir1633,-7.0
antivir1899,-5.4
antivir56,-5.2
antivir887,-5.9
antivir892,-6.2
antivir2547,-6.1
antivir1793,-6.6
antivir2989,-6.3
antivir2020,-5.9
antivir177,-7.6
antivir3906,-6.6
antivir1689,-6.3
antivir2674,-6.7
antivir3737,-6.3
antivir2886,-5.6
antivir3916,-5.8
antivir1441,-6.5
antivir574,-6.3
antivir3166,-5.6
antivir513,-5.8
antivir3756,-6.7
antivir3326,-5.9
antivir1678,-6.7
antivir3204,-6.0
antivir2447,-6.0
antivir3703,-6.2
antivir3231,-5.7
antivir1797,-6.2
antivir672,-6.0
antivir148,-7.1
antivir297,-6.0
antivir238,-6.3
antivir165,-6.7
antivir514,-5.8
antivir553,-6.4
antivir1584,-5.8
antivir747,-6.7
antivir1073,-7.0
antivir30,-7.5
antivir1997,-6.4
antivir3071,-4.6
antivir3928,-6.3
antivir444,-5.7
antivir2832,-5.6
antivir2104,-6.5
antivir2490,-5.5
antivir2713,-5.8
antivir3829,-5.7
antivir26,-8.0
antivir1748,-7.4
antivir3812,-5.7
antivir3735,-5.9
antivir2177,-5.3
antivir1715,-6.3
antivir2473,-6.5
antivir2799,-6.7
antivir256,-6.4
antivir2224,-7.0
antivir3347,-6.4
antivir2880,-6.3
antivir3834,-6.0
antivir2986,-6.5
antivir517,-5.5
antivir2745,-4.3
antivir2341,-6.5
antivir512,-6.2
antivir1027,-6.3
antivir2486,-6.8
antivir2579,-6.0
antivir2510,-6.2
antivir2808,-6.9
antivir868,-6.1
antivir3549,-6.2
antivir2545,-4.8
antivir516,-6.2
antivir96,-7.2
antivir2727,-6.7
antivir965,-5.4
antivir423,-5.6
antivir2340,-6.2
antivir2667,-7.0
antivir2679,-5.9
antivir2540,-5.1
antivir878,-5.6
antivir3161,-5.7
antivir1311,-6.0
antivir602,-5.9
antivir1347,-5.2
antivir2957,-5.9
antivir2708,-6.3
antivir1712,-6.0
antivir2376,-5.8
antivir528,-6.8
antivir2044,-6.4
antivir2831,-5.7
antivir1987,-5.6
antivir2677,-5.9
antivir1325,-6.5
antivir2861,-6.0
antivir249,-6.8
antivir78,-6.5
antivir3710,-6.0
antivir3607,-6.1
antivir277,-7.3
antivir3494,-5.3
antivir1456,-5.9
antivir2115,-5.4
antivir1773,-6.6
antivir1864,-6.6
antivir863,-6.5
antivir3078,-4.4
antivir745,-5.8
antivir2539,-6.3
antivir3109,-5.5
antivir1883,-7.0
antivir3844,-6.4
antivir1196,-6.4
antivir453,-6.1
antivir1241,-6.0
antivir1141,-5.9
antivir2214,-6.4
antivir555,-6.4
antivir688,-7.0
antivir3148,-5.9
antivir3312,-5.8
antivir812,-6.7
antivir94,-7.3
antivir2582,-3.3
antivir1691,-6.4
antivir3582,-5.7
antivir39,-6.6
antivir2164,-7.2
antivir164,-7.1
antivir2137,-6.0
antivir11,-5.8
antivir673,-6.5
antivir3396,-6.1
antivir2890,-5.7
antivir2158,-5.2
antivir2232,-6.3
antivir656,-5.7
antivir3386,-5.5
antivir300,-6.4
antivir680,-5.9
antivir3064,-4.2
antivir2029,-5.0
antivir970,-5.5
antivir1912,-6.7
antivir3320,-5.7
antivir472,-5.6
antivir906,-6.4
antivir845,-5.9
antivir411,-6.5
antivir1805,-5.9
antivir3153,-5.7
antivir2863,-6.5
antivir1370,-5.6
antivir269,-6.7
antivir2079,-6.2
antivir930,-5.8
antivir585,-5.7
antivir3486,-5.9
antivir520,-6.3
antivir1617,-6.5
antivir3379,-5.5
antivir2570,-6.3
antivir3146,-5.2
antivir23,-6.6
antivir1703,-6.7
antivir3196,-6.0
antivir310,-6.5
antivir3889,-6.6
antivir668,-6.6
antivir240,-7.0
antivir3572,-5.8
antivir2050,-6.8
antivir2838,-6.9
antivir341,-5.6
antivir2054,-5.9
antivir3069,-5.9
antivir1021,-6.2
antivir2194,-6.8
antivir2055,-6.4
antivir2744,-5.8
antivir3453,-6.2
antivir2301,-6.5
antivir2753,-6.3
antivir3219,-5.5
antivir1136,-6.2
antivir1115,-6.2
antivir3749,-6.4
antivir2117,-4.6
antivir803,-5.4
antivir1752,-5.6
antivir2603,-5.2
antivir2292,-5.7
antivir2920,-5.6
antivir232,-7.0
antivir573,-6.5
antivir3070,-4.5
antivir1044,-6.4
antivir3251,-5.7
antivir3422,-5.7
antivir898,-6.0
antivir2611,-6.3
antivir1315,-5.0
antivir325,-6.3
antivir2238,-6.1
antivir1218,-5.9
antivir3877,-6.3
antivir1615,-5.7
antivir3314,-6.0
antivir266,-7.0
antivir3668,-6.5
antivir420,-6.4
antivir383,-5.5
antivir369,-6.8
antivir2254,-6.4
antivir2637,-6.5
antivir1476,-7.0
antivir1825,-6.3
antivir353,-6.0
antivir1944,-6.3
antivir989,-5.9
antivir1690,-5.6
antivir2687,-5.8
antivir1200,-6.5
antivir724,-5.7
antivir3076,-4.8
antivir3410,-6.1
antivir1904,-5.8
antivir2106,-6.2
antivir1936,-5.7
antivir567,-6.6
antivir1074,-6.4
antivir75,-6.8
antivir3714,-6.3
antivir1427,-6.0
antivir635,-5.6
antivir2868,-6.2
antivir3288,-4.7
antivir3883,-7.1
antivir2028,-6.4
antivir565,-6.0
antivir1203,-6.0
antivir217,-6.8
antivir2669,-6.8
antivir212,-6.5
antivir3430,-5.9
antivir1543,-6.1
antivir1124,-6.0
antivir1493,-5.8
antivir2381,-5.6
antivir2088,-6.2
antivir950,-5.5
antivir649,-6.5
antivir1361,-6.4
antivir1278,-6.1
antivir2373,-6.0
antivir3516,-6.0
antivir1550,-7.1
antivir1222,-5.7
antivir213,-6.8
antivir298,-7.2
antivir1402,-6.8
antivir288,-6.1
antivir622,-6.0
antivir3641,-5.9
antivir1151,-6.5
antivir991,-5.6
antivir2272,-6.7
antivir1608,-6.8
antivir802,-5.8
antivir1963,-6.0
antivir3687,-6.4
antivir739,-6.7
antivir5,-7.1
antivir3610,-6.4
antivir1167,-6.4
antivir2335,-6.6
antivir2511,-7.5
antivir2488,-5.9
antivir1537,-6.2
antivir562,-6.1
antivir154,-7.7
antivir1827,-6.6
antivir559,-5.9
antivir1686,-5.8
antivir481,-7.2
antivir3922,-6.3
antivir2441,-6.2
antivir1462,-6.1
antivir2475,-6.4
antivir3317,-5.7
antivir1588,-6.3
antivir2884,-6.0
antivir3439,-6.1
antivir3771,-6.1
antivir1929,-6.5
antivir2709,-5.7
antivir3745,-6.3
antivir3688,-5.7
antivir3584,-5.9
antivir1257,-6.4
antivir924,-6.5
antivir1213,-5.6
antivir2250,-6.6
antivir1558,-6.0
antivir568,-5.6
antivir532,-7.0
antivir3284,-5.9
antivir3850,-6.4
antivir1710,-6.2
antivir2464,-6.1
antivir150,-6.8
antivir2773,-6.5
antivir578,-5.9
antivir12,-7.4
antivir100,-5.9
antivir1996,-6.2
antivir3721,-6.6
antivir3472,-6.6
antivir662,-6.5
antivir1609,-6.3
antivir3333,-6.3
antivir873,-6.2
antivir806,-6.1
antivir3394,-5.9
antivir3327,-5.8
antivir1530,-6.6
antivir945,-5.2
antivir3432,-6.0
antivir819,-6.5
antivir2688,-7.4
antivir1731,-6.2
antivir3339,-5.5
antivir1233,-6.5
antivir2312,-5.5
antivir1293,-5.8
antivir3023,-5.5
antivir1458,-5.9
antivir3419,-6.2
antivir3306,-5.7
antivir2612,-5.8
antivir3398,-6.1
antivir1153,-5.6
antivir3418,-6.2
antivir2888,-5.7
antivir3020,-5.2
antivir1039,-6.6
antivir607,-5.7
antivir1741,-5.9
antivir3211,-5.4
antivir33,-9.0
antivir2662,-7.0
antivir3464,-6.4
antivir47,-6.6
antivir736,-6.9
antivir1980,-7.0
antivir2902,-6.0
antivir338,-7.1
antivir775,-5.9
antivir1130,-6.3
antivir529,-5.3
antivir3647,-6.1
antivir1439,-5.9
antivir152,-6.3
antivir1582,-6.4
antivir3533,-6.0
antivir1085,-6.0
antivir358,-6.1
antivir983,-5.4
antivir2211,-4.9
antivir3655,-5.9
antivir1978,-6.5
antivir865,-5.7
antivir355,-6.8
antivir3852,-6.8
antivir3659,-6.2
antivir1190,-5.9
antivir1060,-6.6
antivir1632,-6.6
antivir2613,-5.5
antivir1464,-6.5
antivir2956,-5.4
antivir1740,-6.6
antivir601,-5.7
antivir2431,-6.4
antivir3467,-5.9
antivir3114,-5.0
antivir3573,-6.4
antivir3163,-6.1
antivir2925,-6.2
antivir121,-7.1
antivir1628,-7.0
antivir3384,-5.7
antivir2291,-7.1
antivir1819,-5.9
antivir2725,-5.6
antivir2283,-6.3
antivir421,-6.5
antivir2787,-5.8
antivir1240,-6.2
antivir1122,-6.2
antivir722,-5.7
antivir1125,-5.9
antivir732,-6.8
antivir1403,-5.8
antivir3931,-4.3
antivir2160,-5.5
antivir2337,-6.2
antivir1133,-6.2
antivir3392,-5.9
antivir1811,-6.0
antivir3613,-6.3
antivir488,-7.3
antivir2747,-6.1
antivir219,-7.1
antivir2671,-6.3
antivir3778,-5.9
antivir2084,-5.5
antivir612,-6.6
antivir487,-6.4
antivir1273,-5.7
antivir2419,-6.1
antivir315,-6.5
antivir2569,-6.7
antivir1463,-6.1
antivir1139,-5.5
antivir545,-5.4
antivir2010,-6.2
antivir2499,-6.0
antivir3060,-6.2
antivir2105,-6.8
antivir1639,-6.0
antivir768,-6.0
antivir283,-7.1
antivir996,-4.9
antivir1420,-5.3
antivir3063,-6.0
antivir3452,-6.0
antivir1779,-6.7
antivir1012,-7.0
antivir1975,-5.7
antivir2004,-6.0
antivir3121,-4.8
antivir1962,-6.3
antivir3787,-5.8
antivir2147,-7.0
antivir909,-6.2
antivir3191,-5.2
antivir2128,-6.8
antivir3186,-5.1
antivir3678,-6.5
antivir3250,-5.9
antivir3564,-6.5
antivir1392,-6.0
antivir1953,-6.1
antivir2289,-6.4
antivir2864,-7.2
antivir1062,-5.8
antivir3319,-5.2
antivir2898,-6.3
antivir2142,-6.2
antivir3270,-5.5
antivir3361,-6.2
antivir286,-6.3
antivir1032,-7.1
antivir3039,-6.1
antivir3180,-4.7
antivir1014,-5.5
antivir2372,-6.5
antivir729,-5.0
antivir2262,-6.4
antivir3523,-5.9
antivir388,-6.3
antivir1416,-5.9
antivir2782,-6.5
antivir2874,-6.5
antivir2820,-5.2
antivir1768,-6.2
antivir196,-7.1
antivir237,-6.1
antivir1625,-6.7
antivir49,-5.6
antivir3728,-6.7
antivir3869,-6.3
antivir969,-5.6
antivir891,-5.3
antivir2334,-6.2
antivir2396,-5.7
antivir527,-6.3
antivir2481,-5.4
antivir3252,-6.0
antivir1560,-6.3
antivir2776,-5.8
antivir3767,-6.3
antivir3646,-6.2
antivir3543,-5.7
antivir3828,-6.7
antivir1821,-6.9
antivir1280,-6.2
antivir3366,-5.8
antivir468,-5.7
antivir1539,-5.9
antivir1897,-6.5
antivir476,-5.6
antivir2393,-6.6
antivir135,-7.4
antivir637,-7.3
antivir2349,-6.8
antivir1033,-6.6
antivir1163,-6.7
antivir3018,-6.8
antivir2033,-6.7
antivir2222,-5.6
antivir439,-5.9
antivir1330,-5.5
antivir3815,-5.9
antivir137,-6.7
antivir3826,-6.4
antivir3740,-6.2
antivir1282,-5.2
antivir1319,-6.0
antivir2507,-6.5
antivir333,-5.6
antivir3759,-5.6
antivir408,-5.8
antivir3643,-6.1
antivir2882,-5.5
antivir3269,-5.3
antivir2437,-5.8
antivir2855,-6.4
antivir1858,-7.3
antivir3081,-4.9
antivir1769,-6.5
antivir2774,-5.3
antivir1188,-7.1
antivir2943,-6.0
antivir2141,-6.0
antivir3921,-6.3
antivir1123,-5.7
antivir1651,-5.9
antivir3463,-5.9
antivir1093,-6.6
antivir13,-6.9
antivir1861,-5.4
antivir2657,-6.7
antivir2631,-5.6
antivir1006,-7.5
antivir2069,-6.1
antivir1466,-6.9
antivir1884,-7.0
antivir1658,-6.3
antivir63,-5.4
antivir1061,-7.0
antivir557,-7.1
antivir1354,-6.0
antivir2462,-5.8
antivir3224,-6.0
antivir1687,-6.5
antivir2565,-4.9
antivir3449,-5.8
antivir3751,-6.5
antivir855,-6.3
antivir3786,-6.1
antivir321,-6.3
antivir1414,-6.6
antivir1277,-6.1
antivir1373,-6.0
antivir2270,-6.9
antivir3652,-6.0
antivir2763,-6.7
antivir3244,-5.3
antivir1157,-7.0
antivir193,-6.8
antivir2573,-5.8
antivir3890,-6.9
antivir451,-4.9
antivir400,-5.9
antivir2374,-6.0
antivir1828,-7.6
antivir1411,-6.9
antivir1165,-6.3
antivir964,-4.7
antivir2973,-6.9
antivir2404,-5.7
antivir507,-5.6
antivir939,-5.7
antivir1303,-6.0
antivir1758,-6.3
antivir280,-6.6
antivir139,-7.4
antivir3391,-5.9
antivir1939,-5.7
antivir1144,-6.9
antivir862,-6.0
antivir881,-6.0
antivir3266,-5.6
antivir1646,-5.5
antivir2798,-6.0
antivir1404,-6.0
antivir494,-6.1
antivir604,-6.0
antivir2236,-6.2
antivir426,-5.7
antivir2566,-4.9
antivir2286,-7.0
antivir2145,-5.7
antivir3402,-6.4
antivir3259,-5.8
antivir2485,-6.6
antivir2163,-6.8
antivir1932,-6.1
antivir102,-6.1
antivir990,-6.3
antivir2856,-6.4
antivir3200,-5.7
antivir642,-6.7
antivir176,-6.6
antivir874,-6.2
antivir1985,-5.9
antivir3451,-6.5
antivir981,-5.6
antivir3066,-6.2
antivir720,-6.3
antivir461,-5.8
antivir1725,-6.2
antivir1394,-6.4
antivir728,-5.9
antivir1910,-5.9
antivir2784,-5.3
antivir2996,-6.9
antivir1999,-6.1
antivir1761,-6.2
antivir3260,-5.6
antivir189,-7.0
antivir3237,-6.3
antivir3878,-6.0
antivir3531,-6.0
antivir2592,-6.3
antivir3780,-6.8
antivir2328,-5.6
antivir2932,-6.0
antivir22,-6.8
antivir2548,-6.8
antivir190,-7.2
antivir3490,-6.4
antivir2221,-6.7
antivir2068,-6.0
antivir1499,-5.9
antivir1750,-6.0
antivir3818,-7.3
antivir3058,-5.8
antivir3914,-6.2
antivir1946,-6.6
antivir3409,-5.9
antivir1356,-6.0
antivir1882,-5.1
antivir197,-6.4
antivir1504,-6.5
antivir3554,-6.0
antivir3741,-6.3
antivir3707,-5.5
antivir130,-7.1
antivir90,-6.7
antivir685,-5.6
antivir250,-7.0
antivir2480,-6.2
antivir1998,-6.0
antivir385,-5.7
antivir2454,-6.4
antivir413,-6.1
antivir3578,-5.6
antivir2444,-4.5
antivir533,-5.6
antivir2564,-5.4
antivir8,-6.5
antivir1688,-5.8
antivir1527,-5.7
antivir1964,-6.6
antivir1820,-6.7
antivir3290,-5.8
antivir3438,-5.4
antivir3468,-6.4
antivir3504,-5.6
antivir3037,-6.0
antivir1640,-6.2
antivir959,-5.2
antivir1264,-6.1
antivir2600,-5.9
antivir1513,-5.4
antivir2876,-5.6
antivir1573,-5.5
antivir2596,-5.4
antivir1011,-7.1
antivir712,-6.6
antivir3369,-6.2
antivir2082,-5.8
antivir93,-6.1
antivir667,-6.2
antivir3614,-6.1
antivir1977,-6.1
antivir2944,-5.9
antivir1968,-7.3
antivir1529,-6.3
antivir1120,-6.9
antivir2641,-6.3
antivir911,-7.1
antivir447,-7.0
antivir122,-7.1
antivir505,-5.7
antivir1450,-5.9
antivir1673,-6.4
antivir2927,-6.2
antivir3732,-6.8
antivir1170,-5.8
antivir2729,-5.7
antivir2696,-7.2
antivir3528,-5.6
antivir1870,-7.1
antivir2369,-6.1
antivir3824,-6.3
antivir307,-6.3
antivir1833,-6.3
antivir3853,-6.9
antivir2552,-6.8
antivir1576,-6.4
antivir3500,-6.5
antivir1290,-6.7
antivir3133,-5.5
antivir958,-5.4
antivir1848,-6.0
antivir1204,-5.0
antivir2483,-6.0
antivir3849,-6.1
antivir2521,-6.2
antivir1907,-5.8
antivir3296,-5.7
antivir1866,-6.2
antivir1531,-6.4
antivir2837,-6.2
antivir952,-5.6
antivir1925,-5.5
antivir350,-6.8
antivir506,-6.1
antivir2456,-5.9
antivir1382,-6.2
antivir28,-7.7
antivir3746,-6.8
antivir525,-6.4
antivir2246,-6.0
antivir3331,-6.3
antivir1736,-6.3
antivir1620,-6.0
antivir2012,-6.5
antivir3525,-6.8
antivir1226,-6.1
antivir772,-5.9
antivir2197,-5.1
antivir3134,-5.3
antivir808,-6.0
antivir1454,-6.1
antivir3555,-6.2
antivir2693,-6.7
antivir2336,-6.9
antivir3421,-5.9
antivir292,-6.8
antivir2541,-6.3
antivir1909,-6.1
antivir1477,-5.5
antivir478,-6.2
antivir2517,-6.1
antivir347,-6.8
antivir1323,-6.2
antivir123,-6.5
antivir979,-6.3
antivir551,-5.2
antivir3441,-6.2
antivir2503,-5.7
antivir1010,-6.5
antivir2094,-5.7
antivir3658,-5.7
antivir3406,-6.0
antivir1871,-7.0
antivir895,-6.4
antivir3907,-6.4
antivir2493,-6.4
antivir354,-6.7
antivir3065,-4.8
antivir842,-6.2
antivir470,-5.9
antivir1106,-6.2
antivir1348,-5.1
antivir1516,-6.3
antivir854,-5.2
antivir3739,-6.2
antivir3535,-5.7
antivir564,-6.0
antivir1339,-6.4
antivir1885,-6.8
antivir3483,-6.0
antivir1989,-5.3
antivir2417,-6.1
antivir1184,-5.8
antivir840,-5.9
antivir1162,-6.9
antivir828,-5.9
antivir647,-7.3
antivir1503,-5.9
antivir2845,-7.0
antivir3389,-5.6
antivir675,-6.4
antivir1108,-5.5
antivir1337,-6.2
antivir77,-7.0
antivir1436,-5.9
antivir3673,-6.4
antivir3254,-5.6
antivir3,-5.4
antivir3908,-6.1
antivir3648,-6.1
antivir2339,-7.1
antivir134,-7.6
antivir1967,-5.7
antivir3574,-5.7
antivir3262,-6.1
antivir3725,-6.3
antivir608,-6.3
antivir2647,-6.3
antivir1275,-5.9
antivir3214,-5.3
antivir111,-6.7
antivir2666,-6.4
antivir1803,-6.1
antivir2809,-5.3
antivir1920,-5.2
antivir3859,-6.5
antivir749,-7.2
antivir1598,-6.0
antivir359,-5.9
antivir1154,-6.2
antivir2363,-6.1
antivir1604,-7.2
antivir3137,-5.5
antivir3378,-5.4
antivir3307,-4.6
antivir2960,-6.5
antivir2998,-6.1
antivir1669,-6.1
antivir3642,-6.6
antivir2835,-5.8
antivir1152,-5.8
antivir214,-6.8
antivir2265,-6.6
antivir1559,-5.8
antivir3521,-5.5
antivir2850,-6.4
antivir823,-6.8
antivir830,-7.3
antivir104,-6.4
antivir3420,-6.1
antivir1094,-6.8
antivir2733,-6.5
antivir1618,-5.5
antivir2803,-6.2
antivir230,-7.0
antivir758,-6.4
antivir3909,-7.1
antivir370,-6.9
antivir229,-7.2
antivir1722,-6.5
antivir215,-6.2
antivir1579,-6.4
antivir133,-7.1
antivir2585,-5.9
antivir186,-6.4
antivir1696,-5.7
antivir1009,-4.8
antivir3171,-6.3
antivir998,-6.0
antivir2171,-6.0
antivir3840,-6.3
antivir708,-6.9
antivir2572,-6.4
antivir890,-6.8
antivir2099,-6.2
antivir695,-5.9
antivir2990,-6.5
antivir2528,-6.9
antivir2496,-5.9
antivir3602,-6.1
antivir2769,-4.7
antivir2278,-5.9
antivir884,-6.6
antivir3926,-6.1
antivir1993,-6.7
antivir1486,-5.5
antivir3886,-7.3
antivir3159,-6.0
antivir2526,-5.3
antivir1343,-6.2
antivir1919,-6.6
antivir1397,-6.3
antivir2027,-7.1
antivir521,-6.1
antivir2650,-6.5
antivir902,-6.5
antivir206,-7.0
antivir3167,-6.1
antivir3471,-5.7
antivir3124,-4.9
antivir1119,-5.6
antivir1003,-6.1
antivir779,-5.2
antivir2737,-6.1
antivir3009,-6.7
antivir2514,-4.9
antivir3891,-6.6
antivir627,-6.1
antivir3855,-5.5
antivir1941,-5.9
antivir767,-6.8
antivir1796,-6.0
antivir2742,-6.2
antivir897,-6.3
antivir3872,-6.2
antivir2472,-6.8
antivir3281,-5.2
antivir985,-5.0
antivir3220,-5.2
antivir2508,-6.5
antivir184,-7.2
antivir2555,-5.9
antivir1508,-6.0
antivir1071,-5.7
antivir3373,-5.4
antivir2303,-6.1
antivir171,-7.2
antivir3213,-5.4
antivir1338,-5.7
antivir1435,-5.8
antivir2256,-6.6
antivir3358,-5.6
antivir3005,-5.5
antivir3689,-5.9
antivir1976,-7.2
antivir436,-5.9
antivir362,-5.9
antivir2559,-6.7
antivir2934,-6.3
antivir3175,-5.4
antivir1117,-6.3
antivir1238,-6.3
antivir117,-7.1
antivir1693,-6.3
antivir3343,-5.7
antivir2191,-5.4
antivir1232,-6.5
antivir2610,-6.3
antivir1405,-7.1
antivir741,-5.8
antivir2023,-5.5
antivir810,-5.5
antivir3682,-6.2
antivir1217,-5.7
antivir3061,-6.0
antivir2790,-5.6
antivir2963,-6.1
antivir1663,-6.0
antivir239,-6.9
antivir1863,-6.1
antivir1300,-6.4
antivir1291,-6.5
antivir2284,-5.4
antivir1386,-4.8
antivir3300,-5.2
antivir2638,-5.7
antivir2190,-5.9
antivir671,-6.3
antivir143,-6.8
antivir1878,-6.4
antivir2739,-5.5
antivir192,-6.4
antivir3920,-7.5
antivir1892,-6.5
antivir1759,-6.0
antivir2771,-6.9
antivir2470,-5.8
antivir441,-6.0
antivir785,-6.0
antivir2931,-5.9
antivir2660,-6.4
antivir2306,-5.2
antivir236,-7.0
antivir294,-6.0
antivir3460,-5.5
antivir2554,-4.1
antivir1381,-7.1
antivir1865,-5.6
antivir58,-5.5
antivir2001,-6.9
antivir3298,-6.5
antivir960,-6.7
antivir2313,-6.6
antivir1492,-6.3
antivir3357,-5.8
antivir3381,-6.6
antivir1440,-6.8
antivir2188,-7.2
antivir3362,-6.2
antivir764,-5.0
antivir1185,-7.0
antivir3565,-6.5
antivir460,-6.4
antivir3508,-5.0
antivir2443,-6.2
antivir1637,-6.4
antivir2463,-6.4
antivir1676,-6.2
antivir409,-5.8
antivir3569,-6.4
antivir678,-6.1
antivir477,-6.8
antivir752,-6.3
antivir1181,-5.9
antivir3715,-6.2
antivir556,-5.7
antivir2951,-4.5
antivir161,-6.5
antivir3539,-6.2
antivir770,-5.7
antivir1305,-5.4
antivir438,-6.3
antivir3693,-5.8
antivir2974,-5.3
antivir3436,-5.5
antivir72,-5.8
antivir3697,-6.3
antivir2203,-5.7
antivir73,-5.5
antivir3230,-6.0
antivir2011,-6.2
antivir2839,-5.4
antivir1532,-7.0
antivir843,-6.1
antivir1205,-6.2
antivir3208,-5.2
antivir3499,-5.4
antivir3280,-5.7
antivir3429,-6.0
antivir2309,-6.3
antivir40,-6.1
antivir1100,-5.9
antivir3008,-6.5
antivir1648,-5.3
antivir754,-5.5
antivir175,-7.3
antivir356,-6.0
antivir626,-5.9
antivir1652,-6.8
antivir18,-7.2
antivir2065,-6.6
antivir3201,-5.5
antivir501,-6.5
antivir3082,-4.8
antivir3835,-5.9
antivir2830,-5.8
antivir228,-6.7
antivir631,-6.1
antivir247,-7.9
antivir3861,-5.7
antivir714,-6.7
antivir1249,-6.5
antivir3915,-6.4
antivir3733,-6.2
antivir1624,-6.6
antivir3215,-5.5
antivir1390,-7.0
antivir853,-6.6
antivir1857,-6.7
antivir3145,-5.2
antivir646,-6.3
antivir3619,-6.4
antivir218,-8.1
antivir3349,-5.6
antivir1594,-5.5
antivir278,-7.3
antivir2425,-5.9
antivir3022,-6.3
antivir941,-4.2
antivir3345,-5.7
antivir3507,-5.6
antivir715,-5.9
antivir1259,-5.5
antivir303,-6.0
antivir3305,-5.4
antivir3179,-5.0
antivir3616,-6.2
antivir2310,-6.2
antivir1679,-6.6
antivir3579,-5.2
antivir200,-6.3
antivir2078,-7.0
antivir3136,-5.2
antivir1726,-7.3
antivir519,-5.9
antivir1554,-6.9
antivir2165,-5.6
antivir1147,-6.1
antivir1387,-6.0
antivir1623,-5.6
antivir3156,-5.7
antivir2865,-6.1
antivir1483,-6.0
antivir2583,-6.3
antivir1619,-6.2
antivir1111,-5.3
antivir2166,-5.4
antivir1745,-6.2
antivir2305,-6.7
antivir3763,-6.1
antivir2567,-5.5
antivir3781,-5.7
antivir3480,-5.3
antivir2731,-6.3
antivir1484,-6.4
antivir3370,-6.1
antivir659,-6.0
antivir108,-6.9
antivir3002,-6.0
antivir2140,-6.0
antivir816,-6.0
antivir3407,-5.9
antivir1449,-6.0
antivir2854,-5.0
antivir389,-5.4
antivir1526,-5.8
antivir162,-6.4
antivir702,-6.1
antivir1845,-5.8
antivir64,-6.0
antivir3661,-6.2
antivir2026,-7.1
antivir1751,-5.8
antivir3904,-6.1
antivir2307,-6.5
antivir3272,-5.9
antivir2429,-6.4
antivir2095,-5.9
antivir1050,-6.0
antivir3924,-6.7
antivir327,-6.7
antivir1606,-5.5
antivir2797,-5.7
antivir2386,-6.4
antivir3424,-5.8
antivir3079,-4.5
antivir446,-6.7
antivir3663,-5.6
antivir1874,-6.5
antivir3814,-6.6
antivir609,-6.6
antivir3797,-6.0
antivir1368,-6.4
antivir1224,-6.5
antivir2482,-5.5
antivir2267,-6.4
antivir2121,-6.9
antivir3144,-5.6
antivir2994,-6.6
antivir3585,-5.8
antivir978,-6.3
antivir1799,-6.2
antivir3726,-6.2
antivir2606,-7.3
antivir83,-7.4
antivir7,-7.2
antivir922,-5.8
antivir1755,-6.2
antivir2571,-6.5
antivir3811,-6.3
antivir3334,-6.1
antivir1455,-5.8
antivir931,-5.8
antivir1235,-6.7
antivir3152,-6.1
antivir599,-6.7
antivir2251,-6.3
antivir2266,-6.3
antivir2013,-6.0
antivir1024,-6.4
antivir1802,-6.4
antivir3532,-6.3
antivir3898,-6.2
antivir1852,-6.4
antivir3551,-6.4
antivir2841,-6.9
antivir1822,-6.8
antivir1333,-6.2
antivir3459,-6.1
antivir2969,-5.3
antivir1649,-6.9
antivir3308,-5.7
antivir2840,-6.3
antivir1742,-6.5
antivir462,-6.2
antivir1472,-6.6
antivir3892,-6.6
antivir3412,-5.8
antivir1419,-6.0
antivir1743,-6.2
antivir3143,-5.8
antivir3575,-6.7
antivir1113,-6.0
antivir676,-6.1
antivir2134,-6.4
antivir3902,-7.0
antivir2712,-6.9
antivir2494,-5.2
antivir1938,-6.1
antivir1934,-6.3
antivir1520,-6.3
antivir1090,-5.6
antivir2933,-6.4
antivir2558,-6.4
antivir2512,-5.6
antivir2901,-6.3
antivir2017,-6.0
antivir825,-6.0
antivir1674,-6.8
antivir3706,-5.8
antivir1396,-6.0
antivir2294,-6.1
antivir1475,-6.2
antivir3857,-7.2
antivir1126,-6.0
antivir463,-6.2
antivir1719,-5.8
antivir2887,-6.5
antivir3510,-5.9
antivir225,-7.0
antivir2118,-6.1
antivir1078,-5.4
antivir864,-6.5
antivir3085,-5.4
antivir3182,-5.5
antivir3608,-6.4
antivir633,-6.5
antivir3309,-5.7
antivir597,-6.2
antivir185,-6.7
antivir2432,-5.5
antivir1638,-6.4
antivir1187,-6.3
antivir3411,-5.7
antivir1942,-6.2
antivir42,-5.6
antivir2673,-7.0
antivir2722,-6.0
antivir3513,-6.0
antivir1168,-6.0
antivir2529,-6.3
antivir3209,-5.3
antivir2452,-6.4
antivir2260,-5.3
antivir3526,-6.1
antivir404,-5.4
antivir2258,-6.3
antivir202,-6.8
antivir305,-6.1
antivir377,-5.8
antivir260,-7.2
antivir2910,-6.1
antivir2894,-6.3
antivir3919,-6.8
antivir1917,-6.4
antivir1581,-5.5
antivir374,-5.8
antivir797,-5.3
antivir3810,-6.7
antivir2170,-6.3
antivir3894,-7.6
antivir1367,-5.8
antivir1292,-5.9
antivir1955,-6.5
antivir3622,-5.7
antivir3537,-5.8
antivir1906,-6.9
antivir263,-7.0
antivir644,-6.8
antivir1498,-5.8
antivir1783,-6.6
antivir2869,-6.8
antivir1031,-5.4
antivir3340,-5.7
antivir3286,-5.8
antivir361,-5.6
antivir717,-5.5
antivir919,-6.3
antivir3666,-5.6
antivir1860,-5.3
antivir3593,-7.1
antivir2935,-6.1
antivir1457,-5.5
antivir174,-6.9
antivir2175,-5.5
antivir1789,-6.5
antivir617,-6.0
antivir3181,-5.7
antivir2656,-6.0
antivir3675,-6.5
antivir3405,-6.1
antivir3738,-6.1
antivir2364,-6.8
antivir1473,-5.9
antivir2535,-4.8
antivir1465,-6.0
antivir1212,-6.5
antivir1298,-5.4
antivir1252,-6.0
antivir835,-5.9
antivir733,-6.4
antivir3611,-5.7
antivir2711,-6.1
antivir1961,-6.2
antivir2692,-4.5
antivir2556,-6.6
antivir2058,-6.0
antivir1832,-5.7
antivir284,-6.9
antivir2501,-6.7
antivir2522,-6.3
antivir1711,-6.1
antivir1336,-6.1
antivir718,-5.3
antivir1415,-6.3
antivir1790,-6.1
antivir2992,-6.1
antivir2676,-5.7
antivir1589,-5.7
antivir1982,-5.5
antivir3047,-5.3
antivir2169,-6.7
antivir3067,-5.5
antivir1346,-6.5
antivir1307,-6.4
antivir572,-6.2
antivir3091,-5.0
antivir913,-5.4
antivir2938,-5.7
antivir788,-6.3
antivir793,-5.5
antivir3098,-4.9
antivir1138,-5.8
antivir1428,-6.3
antivir3761,-5.9
antivir3128,-5.5
antivir2399,-6.7
antivir2919,-7.3
antivir771,-6.4
antivir583,-6.6
antivir3364,-5.7
antivir89,-5.9
antivir2264,-6.4
antivir1048,-6.8
antivir3817,-6.4
antivir2678,-6.8
antivir3567,-6.7
antivir2779,-7.1
antivir326,-6.5
antivir2807,-5.8
antivir2036,-5.7
antivir1374,-6.2
antivir2580,-6.0
antivir1474,-6.1
antivir643,-6.3
antivir2515,-6.3
antivir3455,-5.9
antivir144,-7.7
antivir2533,-7.3
antivir3112,-5.1
antivir877,-6.4
antivir580,-6.0
antivir3702,-5.6
antivir829,-6.3
antivir893,-5.4
antivir2368,-6.8
antivir605,-6.3
antivir2315,-6.5
antivir773,-5.7
antivir666,-6.3
antivir936,-5.9
antivir60,-5.9
antivir1408,-6.5
antivir1489,-6.2
antivir1495,-5.6
antivir1908,-5.2
antivir1798,-5.9
antivir2039,-5.8
antivir208,-6.7
antivir2455,-5.9
antivir719,-6.1
antivir1421,-5.9
antivir3185,-5.4
antivir859,-5.4
antivir1838,-6.2
antivir2952,-5.8
antivir2347,-6.1
antivir1480,-6.1
antivir1326,-5.8
antivir2873,-6.1
antivir850,-6.0
antivir2066,-5.5
antivir757,-5.4
antivir1849,-5.8
antivir1174,-6.2
antivir3297,-5.1
antivir782,-5.9
antivir1377,-5.6
antivir973,-6.4
antivir3681,-5.8
antivir3895,-5.7
antivir167,-6.3
antivir1553,-5.8
antivir2074,-5.8
antivir2741,-6.7
antivir3788,-5.8
antivir3880,-6.2
antivir1970,-5.2
antivir118,-7.4
antivir1830,-6.7
antivir2151,-6.3
antivir1974,-5.5
antivir3581,-6.3
antivir1571,-6.0
antivir1102,-5.9
antivir3130,-5.4
antivir1565,-6.4
antivir938,-6.6
antivir1951,-6.4
antivir730,-6.5
antivir1535,-6.2
antivir3155,-5.5
antivir2825,-6.8
antivir1665,-5.9
antivir858,-6.4
antivir1219,-6.6
antivir2083,-6.2
antivir723,-6.0
antivir2867,-6.5
antivir3527,-5.8
antivir2891,-5.6
antivir811,-5.9
antivir3760,-6.1
antivir3546,-6.1
antivir3118,-4.7
antivir381,-6.5
antivir2993,-5.3
antivir3265,-5.8
antivir1230,-6.3
antivir910,-6.2
antivir1995,-5.9
antivir3111,-5.1
antivir1129,-5.7
antivir3348,-5.7
antivir1202,-6.6
antivir2904,-5.9
antivir3595,-5.9
antivir1316,-4.7
antivir1642,-5.6
antivir79,-6.5
antivir1398,-6.4
antivir1131,-5.8
antivir1199,-6.4
antivir187,-6.5
antivir3491,-5.7
antivir3487,-5.7
antivir3667,-6.7
antivir2683,-5.1
antivir2474,-5.8
antivir264,-7.1
antivir392,-6.3
antivir1766,-7.1
antivir994,-6.4
antivir916,-6.1
antivir2682,-5.2
antivir3046,-5.2
antivir2123,-6.1
antivir1269,-5.9
antivir3553,-6.2
antivir2385,-6.9
antivir3205,-5.7
antivir1629,-6.4
antivir3311,-6.0
antivir1599,-5.9
antivir3403,-6.0
antivir3257,-5.7
antivir652,-6.7
antivir2726,-5.6
antivir3083,-4.6
antivir2423,-6.3
antivir1986,-6.7
antivir3086,-5.0
antivir3239,-5.8
antivir3473,-6.6
antivir3014,-6.6
antivir1302,-6.0
antivir743,-5.3
antivir3202,-6.2
antivir2988,-6.3
antivir2749,-6.1
antivir3011,-6.4
antivir3927,-6.4
antivir3344,-6.2
antivir3837,-6.4
antivir1148,-6.3
antivir2421,-7.2
antivir399,-6.4
antivir2200,-5.6
antivir3423,-6.1
antivir542,-6.2
antivir3157,-5.1
antivir2936,-5.2
antivir308,-6.4
antivir966,-5.7
antivir3243,-5.9
antivir1276,-6.6
antivir3310,-5.6
antivir3030,-6.9
antivir131,-7.4
antivir786,-5.6
antivir972,-6.1
antivir2356,-6.7
antivir1956,-6.3
antivir395,-5.9
antivir832,-6.2
antivir2983,-5.5
antivir509,-5.9
antivir3440,-5.7
antivir2025,-5.7
antivir345,-5.8
antivir1636,-6.6
antivir3225,-5.4
antivir1507,-6.0
antivir1059,-5.9
antivir2770,-5.4
antivir689,-6.1
antivir364,-5.9
antivir827,-6.7
antivir792,-6.7
antivir2591,-6.8
antivir157,-6.0
antivir3368,-6.3
antivir918,-6.0
antivir3917,-6.7
antivir2189,-7.1
antivir3590,-5.1
antivir2985,-5.3
antivir2928,-7.5
antivir2215,-6.7
antivir591,-7.1
antivir709,-5.9
antivir1784,-6.6
antivir3484,-6.1
antivir995,-6.5
antivir1557,-6.5
antivir1613,-6.4
antivir1099,-6.0
antivir442,-6.0
antivir2038,-5.8
antivir1922,-6.2
antivir1391,-6.1
antivir2942,-6.6
antivir1142,-5.4
antivir3867,-6.3
antivir3160,-5.6
antivir1434,-6.8
antivir621,-6.4
antivir2288,-6.3
antivir101,-7.2
antivir2796,-5.4
antivir1114,-6.8
antivir783,-5.8
antivir3435,-5.7
antivir566,-6.6
antivir3274,-6.0
antivir524,-6.1
antivir178,-6.2
antivir1569,-5.4
antivir2505,-7.2
antivir3080,-4.8
antivir1349,-5.8
antivir2344,-6.8
antivir2021,-6.6
antivir3036,-5.4
antivir946,-6.8
antivir3433,-6.4
antivir955,-5.5
antivir883,-5.6
antivir1757,-7.3
antivir3792,-6.3
antivir1898,-6.6
antivir3677,-6.2
antivir2071,-6.7
antivir755,-5.9
antivir1792,-6.5
antivir2460,-6.4
antivir814,-5.7
antivir2756,-5.0
antivir2367,-5.9
antivir2102,-5.3
antivir3216,-5.2
antivir1500,-5.9
antivir2111,-5.4
antivir3177,-5.7
antivir1453,-6.5
antivir3631,-5.4
antivir1237,-6.4
antivir3100,-5.7
antivir3638,-5.3
antivir869,-5.7
antivir2664,-6.5
antivir942,-6.1
antivir3830,-6.6
antivir3102,-4.9
antivir1146,-6.2
antivir1879,-6.5
antivir2498,-6.5
antivir375,-6.4
antivir2060,-6.3
antivir3833,-6.7
antivir2275,-6.1
antivir3753,-6.4
antivir503,-7.0
antivir2248,-6.0
antivir3383,-5.8
antivir211,-7.0
antivir1321,-6.0
antivir2812,-6.8
antivir3862,-6.4
antivir2484,-7.2
antivir2949,-5.6
antivir2345,-5.7
antivir1780,-6.0
antivir209,-7.0
antivir1036,-6.6
antivir848,-6.1
antivir1515,-5.9
antivir2883,-6.0
antivir1272,-5.7
antivir1612,-5.9
antivir1158,-6.0
antivir2366,-6.2
antivir2640,-6.5
antivir2468,-6.1
antivir401,-5.6
antivir1653,-6.6
antivir3151,-5.3
antivir3236,-5.7
antivir3033,-6.6
antivir3055,-5.9
antivir1611,-6.0
antivir2628,-5.4
antivir2721,-5.2
antivir2090,-6.3
antivir705,-5.8
antivir1844,-6.7
antivir1410,-6.3
antivir1900,-6.8
antivir2005,-6.1
antivir1545,-6.7
antivir1770,-5.2
antivir2871,-6.7
antivir1765,-6.3
antivir275,-7.4
antivir2274,-6.6
antivir1738,-7.3
antivir2293,-6.4
antivir765,-5.9
antivir3295,-6.7
antivir2859,-7.4
antivir3446,-6.1
antivir3832,-5.5
antivir3696,-5.6
antivir3414,-5.9
antivir244,-7.5
antivir926,-5.8
antivir1236,-6.0
antivir3628,-6.6
antivir2413,-6.5
antivir2358,-7.1
antivir3509,-5.8
antivir1614,-5.4
antivir2086,-6.0
antivir1868,-6.4
antivir1586,-6.3
antivir2633,-6.2
antivir3222,-5.5
antivir1092,-6.8
antivir790,-6.3
antivir549,-6.5
antivir3505,-6.0
antivir1626,-6.5
antivir1670,-6.0
antivir1826,-7.1
antivir2227,-5.5
antivir2430,-5.9
antivir106,-8.0
antivir3865,-5.8
antivir2146,-7.0
antivir2179,-6.5
antivir2196,-5.8
antivir2375,-5.8
antivir311,-6.2
antivir1890,-6.0
antivir3783,-6.3
antivir2409,-5.9
antivir1169,-6.0
antivir880,-5.3
antivir3092,-4.3
antivir3747,-6.3
antivir3879,-6.2
antivir2008,-6.3
antivir1911,-6.2
antivir669,-5.9
antivir1132,-6.7
antivir3444,-5.8
antivir2202,-6.5
antivir2300,-7.4
antivir2362,-6.7
antivir2392,-6.4
antivir2710,-6.2
antivir2159,-6.2
antivir1079,-6.3
antivir2280,-6.7
antivir3147,-5.3
antivir2617,-5.1
antivir976,-6.2
antivir1901,-5.5
antivir576,-6.0
antivir2063,-6.1
antivir1429,-5.8
antivir3006,-5.8
antivir805,-6.2
antivir1013,-6.1
antivir147,-6.6
antivir2199,-5.8
antivir44,-6.0
antivir1017,-6.8
antivir1635,-6.3
antivir2180,-6.2
antivir932,-6.1
antivir2685,-5.2
antivir3541,-6.0
antivir606,-6.6
antivir570,-6.1
antivir1634,-6.3
antivir349,-5.9
antivir16,-7.0
antivir3206,-5.4
antivir3400,-6.0
antivir977,-6.5
antivir281,-7.2
antivir3482,-6.0
antivir2574,-6.9
antivir2331,-6.4
antivir2184,-6.1
antivir1959,-5.8
antivir57,-5.8
antivir1627,-6.2
antivir3785,-6.0
antivir81,-6.7
antivir2649,-5.7
antivir2842,-6.3
antivir2629,-5.8
antivir2330,-5.9
antivir2748,-6.0
antivir2323,-5.4
antivir2605,-5.0
antivir3021,-6.6
antivir2750,-6.6
antivir2549,-3.8
antivir1716,-6.0
antivir223,-6.0
antivir1616,-6.6
antivir2762,-6.9
antivir312,-4.9
antivir3017,-5.9
antivir645,-5.4
antivir2723,-5.8
antivir1872,-7.0
antivir3506,-5.7
antivir2912,-5.0
antivir2332,-5.9
antivir1896,-5.8
antivir809,-6.1
antivir2072,-6.0
antivir2543,-5.7
antivir2316,-5.7
antivir2007,-5.6
antivir2226,-6.0
antivir861,-6.2
antivir837,-6.8
antivir508,-6.0
antivir2576,-6.2
antivir1283,-5.4
antivir3640,-6.5
antivir1366,-6.0
antivir285,-6.9
antivir1596,-6.1
antivir2210,-6.0
antivir1843,-6.8
antivir3489,-7.0
antivir523,-5.9
antivir778,-6.4
antivir2822,-5.6
antivir227,-6.9
antivir2653,-5.6
antivir1281,-6.6
antivir1564,-5.9
antivir1469,-5.9
antivir3387,-6.3
antivir248,-6.6
antivir2805,-6.8
antivir3088,-4.8
antivir561,-5.8
antivir2801,-5.0
antivir1972,-5.7
antivir10,-5.8
antivir1549,-6.3
antivir3716,-7.1
antivir1206,-6.0
antivir3074,-3.7
antivir2156,-5.0
antivir2006,-5.1
antivir2940,-5.2
antivir105,-7.2
antivir2765,-6.5
antivir2684,-6.2
antivir734,-6.6
antivir3669,-6.0
antivir2767,-6.1
antivir3475,-6.6
antivir1775,-7.0
antivir3025,-6.1
antivir15,-6.3
antivir2092,-6.8
antivir3049,-6.9
antivir469,-6.2
antivir92,-6.6
antivir3461,-5.9
antivir1363,-6.2
antivir1080,-6.7
antivir3632,-6.2
antivir951,-6.8
antivir3599,-6.0
antivir3313,-5.4
antivir1451,-7.3
antivir655,-6.1
antivir3029,-6.7
antivir132,-7.4
antivir2350,-6.1
antivir1644,-6.7
antivir2509,-6.6
antivir2414,-6.5
antivir1791,-5.9
antivir1260,-5.8
antivir2479,-6.4
antivir3488,-6.3
antivir3024,-5.7
antivir961,-5.5
antivir1536,-6.2
antivir1607,-5.9
antivir3457,-6.0
antivir3601,-6.1
antivir912,-4.7
antivir2243,-5.6
antivir1859,-5.5
antivir925,-5.6
antivir194,-6.6
antivir91,-7.0
antivir331,-5.6
antivir163,-6.8
antivir2080,-6.8
antivir1485,-6.6
antivir530,-6.6
antivir2804,-6.0
antivir701,-5.9
antivir3784,-6.1
antivir2621,-5.0
antivir2783,-5.5
antivir2824,-7.2
antivir2185,-5.8
antivir1137,-5.1
antivir2412,-6.2
antivir1360,-5.7
antivir1697,-6.2
antivir1756,-7.3
antivir1591,-6.7
antivir48,-6.3
antivir306,-6.4
antivir484,-5.7
antivir1098,-5.7
antivir3068,-6.3
antivir3332,-5.8
antivir1345,-6.3
antivir2815,-6.1
antivir2828,-6.2
antivir1903,-5.8
antivir3276,-5.6
antivir2562,-5.7
antivir710,-6.1
antivir2826,-6.3
antivir550,-6.9
antivir3450,-6.0
antivir1086,-6.4
antivir3004,-6.0
antivir2439,-6.5
antivir403,-5.8
antivir282,-7.2
antivir3164,-5.3
antivir1692,-6.9
antivir2112,-5.9
antivir971,-5.0
antivir817,-6.1
antivir3093,-4.5
antivir3057,-6.6
antivir1087,-5.8
antivir3603,-6.1
antivir2132,-5.2
antivir3094,-4.8
antivir3415,-6.4
antivir3550,-5.9
antivir76,-6.8
antivir1448,-6.4
antivir1551,-6.1
antivir1926,-6.0
antivir2076,-5.9
antivir2945,-5.9
antivir2542,-6.2
antivir2042,-6.3
antivir1786,-6.0
antivir2717,-6.3
antivir871,-4.8
antivir943,-6.3
antivir1785,-5.6
antivir317,-6.1
antivir3851,-6.5
antivir251,-7.1
antivir2041,-6.0
antivir2597,-5.7
antivir2476,-5.4
antivir50,-6.5
antivir2237,-6.8
antivir1675,-6.4
antivir273,-6.7
antivir613,-6.2
antivir1371,-5.1
antivir1895,-5.6
antivir1353,-5.8
antivir1304,-5.4
antivir872,-5.4
antivir295,-6.3
antivir3470,-5.8
antivir2037,-6.0
antivir1375,-6.1
antivir430,-5.7
antivir1266,-6.4
antivir2651,-6.4
antivir833,-6.3
antivir3106,-6.0
antivir1327,-5.9
antivir170,-7.1
antivir1081,-7.1
antivir1209,-7.3
antivir2761,-6.0
antivir3664,-6.1
antivir1261,-6.5
antivir1924,-5.7
antivir905,-6.1
antivir522,-6.0
antivir2319,-6.7
antivir1840,-6.1
antivir774,-5.3
antivir1749,-6.1
antivir3559,-5.8
antivir3041,-6.0
antivir2298,-6.2
antivir2016,-6.8
antivir1211,-6.5
antivir1566,-6.0
antivir1760,-6.7
antivir3807,-6.7
antivir2690,-6.6
antivir2261,-5.7
antivir3609,-6.5
antivir3589,-6.2
antivir2819,-6.4
antivir1915,-6.3
antivir2143,-6.1
antivir3382,-6.4
antivir569,-5.9
antivir3629,-6.6
antivir3776,-6.3
antivir1511,-5.6
antivir2581,-3.3
antivir1221,-6.8
antivir2557,-7.0
antivir3388,-6.6
antivir1700,-5.9
antivir1842,-5.3
antivir3530,-5.8
antivir3434,-5.8
antivir1572,-5.9
antivir3617,-5.3
antivir2255,-7.0
antivir1082,-6.2
antivir3816,-6.8
antivir221,-7.0
antivir2355,-6.8
antivir3866,-5.9
antivir1191,-5.8
antivir2593,-6.4
antivir2107,-5.4
antivir366,-6.5
antivir1166,-6.2
antivir2534,-6.3
antivir3044,-6.1
antivir541,-5.8
antivir1052,-6.9
antivir1952,-6.1
antivir357,-6.2
antivir2096,-5.6
antivir1981,-6.7
antivir1990,-6.3
antivir2064,-6.7
antivir920,-5.8
antivir3910,-6.5
antivir1735,-5.7
antivir3838,-6.1
antivir1258,-5.3
antivir3748,-6.7
antivir3720,-5.9
antivir1781,-5.5
antivir1016,-6.2
antivir70,-4.6
antivir179,-6.9
antivir3336,-5.5
antivir412,-6.4
antivir422,-5.7
antivir1088,-5.9
antivir2544,-5.7
antivir1816,-5.7
antivir424,-5.5
antivir3731,-5.9
antivir3717,-5.8
antivir3304,-5.7
antivir882,-6.0
antivir1068,-7.2
antivir831,-6.1
antivir3870,-7.1
antivir1149,-6.2
antivir2862,-6.2
antivir1097,-5.7
antivir3750,-7.1
antivir2506,-6.5
antivir2718,-6.9
antivir1602,-5.3
antivir2056,-5.8
antivir1179,-6.3
antivir231,-6.7
antivir2174,-6.3
antivir3203,-5.8
antivir1442,-6.5
antivir3583,-4.8
antivir3586,-5.9
antivir1418,-6.4
antivir704,-6.5
antivir2242,-6.4
antivir59,-5.5
antivir367,-5.4
antivir563,-5.0
antivir2338,-6.1
antivir2781,-6.8
antivir1018,-6.6
antivir3135,-5.5
antivir904,-5.7
antivir2451,-5.8
antivir3101,-5.8
antivir2634,-5.4
antivir2620,-6.4
antivir1112,-7.2
antivir3315,-6.2
antivir3165,-5.4
antivir1461,-6.2
antivir1400,-5.7
antivir3568,-5.7
antivir3342,-6.0
antivir2553,-6.0
antivir1183,-5.9
antivir703,-5.5
antivir2645,-6.8
antivir2183,-5.9
antivir464,-5.5
antivir1034,-5.9
antivir614,-6.5
antivir1763,-6.5
antivir1214,-6.2
antivir3291,-5.1
antivir1580,-6.6
antivir3772,-6.2
antivir2972,-5.8
antivir3477,-5.1
antivir3712,-6.2
antivir55,-5.9
antivir3054,-6.2
antivir2659,-6.5
antivir3278,-5.7
antivir963,-5.6
antivir2449,-5.6
antivir1045,-5.5
antivir1846,-5.6
antivir126,-6.6
antivir1544,-6.2
antivir2361,-5.3
antivir1279,-6.4
antivir17,-6.1
antivir798,-6.2
antivir1707,-7.2
antivir499,-6.5
antivir1524,-7.3
antivir1487,-6.6
antivir3016,-5.4
antivir344,-6.1
antivir1350,-6.6
